member,as_of
Ace Hardware,2024-11-27
Adidas,2024-11-27
Albertsons,2024-11-27
APL Logistics,2024-11-27
APM Terminals,2024-11-27
Article Furniture,2024-11-27
Becton Dickinson,2024-11-27
Best Buy,2024-11-27
BJ’s Wholesale Club,2024-11-27
BNSF,2024-11-27
Bound Logistics,2024-11-27
C&K,2024-11-27
Century Supply Chain Solutions,2024-11-27
CH Robinson,2024-11-27
CMA CGM,2024-11-27
Consolidated Chassis Management (CCM),2024-11-27
DHL,2024-11-27
"Direct ChassisLink, Inc. (DCLI)",2024-11-27
Dollar General,2024-11-27
Elion,2024-11-27
Evergreen Shipping Agency,2024-11-27
Everport Terminal Services,2024-11-27
FedEx,2024-11-27
Fenix Marine Services,2024-11-27
FlexiVan,2024-11-27
Funko,2024-11-27
"Gap, Inc.",2024-11-27
GE Appliances,2024-11-27
Gemini Shippers,2024-11-27
Georgia Ports Authority,2024-11-27
Gulf Winds,2024-11-27
Hapag-Lloyd,2024-11-27
HMM,2024-11-27
Home Depot,2024-11-27
Humanscale,2024-11-27
IKEA International,2024-11-27
IMC Companies,2024-11-27
International Transportation Service (ITS),2024-11-27
ITS Logistics,2024-11-27
John Deere,2024-11-27
Kroger,2024-11-27
Land O'Lakes,2024-11-27
Long Beach Container Terminal (LBCT),2024-11-27
Lowe's,2024-11-27
Maersk,2024-11-27
Mediterranean Shipping Company (MSC),2024-11-27
NFI Industries,2024-11-27
Nike,2024-11-27
Ocean Network Express (ONE),2024-11-27
OOCL Logistics,2024-11-27
The Pasha Group,2024-11-27
Peloton,2024-11-27
PetSmart,2024-11-27
Port Houston,2024-11-27
Port Liberty,2024-11-27
Port Newark Container Terminal (PNCT),2024-11-27
Port of Cleveland,2024-11-27
Port of Long Beach,2024-11-27
Port of Los Angeles,2024-11-27
Prologis,2024-11-27
Ralph Lauren,2024-11-27
RoadEx America Inc.,2024-11-27
RoadOne,2024-11-27
Samsung,2024-11-27
Shippabo,2024-11-27
Sony,2024-11-27
SSA Marine (SSA),2024-11-27
STG Logistics,2024-11-27
Target,2024-11-27
Total Terminals International (TTI),2024-11-27
TRAC Intermodal,2024-11-27
Tractor Supply Co.,2024-11-27
TraPac,2024-11-27
TrueValue,2024-11-27
UCanTrade,2024-11-27
Union Pacific,2024-11-27
UPS,2024-11-27
Walmart,2024-11-27
Wan Hai,2024-11-27
Werner,2024-11-27
West Basin Container Terminal (WBCT),2024-11-27
Yang Ming,2024-11-27
Yusen Terminals (YTI),2024-11-27
