date,source,source_url,page_last_updated,stated_count,parsed_count
2024-05-30,wayback,https://web.archive.org/web/20240530093705/https://www.transportation.gov/freight-infrastructure-and-policy/flow-members,2024-05-20,75,75
2024-08-15,wayback,https://web.archive.org/web/20240815095344/https://www.transportation.gov/freight-infrastructure-and-policy/flow-members,2024-08-06,80,78
2024-08-16,wayback,https://web.archive.org/web/20240816180843/https://www.transportation.gov/freight-infrastructure-and-policy/flow-members,2024-08-06,80,78
2024-09-26,wayback,https://web.archive.org/web/20240926182742/https://www.transportation.gov/freight-infrastructure-and-policy/flow-members,2024-09-19,82,80
2024-11-08,wayback,https://web.archive.org/web/20241108150008/https://www.transportation.gov/freight-infrastructure-and-policy/flow-members,2024-10-24,84,82
2024-11-27,wayback,https://web.archive.org/web/20241127193904/https://www.transportation.gov/freight-infrastructure-and-policy/flow-members,2024-11-15,85,83
2024-12-14,wayback,https://web.archive.org/web/20241214163259/https://www.transportation.gov/freight-infrastructure-and-policy/flow-members,2024-12-05,85,84
2024-12-27,wayback,https://web.archive.org/web/20241227231712/https://www.transportation.gov/freight-infrastructure-and-policy/flow-members,2024-12-17,86,84
2025-01-08,wayback,https://web.archive.org/web/20250108150905/https://www.transportation.gov/freight-infrastructure-and-policy/flow-members,2024-12-17,86,84
2025-01-10,wayback,https://web.archive.org/web/20250110120303/https://www.transportation.gov/freight-infrastructure-and-policy/flow-members,2024-12-17,86,84
2025-01-16,wayback,https://web.archive.org/web/20250116112713/https://www.transportation.gov/freight-infrastructure-and-policy/flow-members,2024-12-17,86,84
2025-01-22,wayback,https://web.archive.org/web/20250122033050/https://www.transportation.gov/freight-infrastructure-and-policy/flow-members,2024-12-17,86,84
2025-02-02,wayback,https://web.archive.org/web/20250202233517/https://www.transportation.gov/freight-infrastructure-and-policy/flow-members,2024-12-17,86,84
2025-02-04,wayback,https://web.archive.org/web/20250204231737/https://www.transportation.gov/freight-infrastructure-and-policy/flow-members,2024-12-17,86,84
2025-02-11,wayback,https://web.archive.org/web/20250211184639/https://www.transportation.gov/freight-infrastructure-and-policy/flow-members,2025-02-07,87,85
2025-03-08,wayback,https://web.archive.org/web/20250308074609/https://www.transportation.gov/freight-infrastructure-and-policy/flow-members,2025-03-03,86,85
2025-03-19,wayback,https://web.archive.org/web/20250319104606/https://www.transportation.gov/freight-infrastructure-and-policy/flow-members,2025-03-03,86,85
2025-05-20,wayback,https://web.archive.org/web/20250520070408/https://www.transportation.gov/freight-infrastructure-and-policy/flow-members,2025-03-03,86,85
2025-07-24,wayback,https://web.archive.org/web/20250724233959/https://www.transportation.gov/freight-infrastructure-and-policy/flow-members,2025-03-03,86,85
2025-09-12,wayback,https://web.archive.org/web/20250912065801/https://www.transportation.gov/freight-infrastructure-and-policy/flow-members,2025-03-03,86,85
2025-12-06,wayback,https://web.archive.org/web/20251206001732/https://www.transportation.gov/freight-infrastructure-and-policy/flow-members,2025-03-03,86,85
2025-12-24,wayback,https://web.archive.org/web/20251224002628/https://www.transportation.gov/freight-infrastructure-and-policy/flow-members,2025-03-03,86,85
2026-04-16,wayback,https://web.archive.org/web/20260416014719/https://www.transportation.gov/freight-infrastructure-and-policy/flow-members,2026-01-13,86,86
2026-05-08,wayback,https://web.archive.org/web/20260508102142/https://www.transportation.gov/freight-infrastructure-and-policy/flow-members,2026-04-24,86,87
2026-10-04,live,https://www.transportation.gov/freight-infrastructure-and-policy/flow-members,2026-09-21,93,93
