detected_on,page_last_updated,source,change,member
2024-05-30,2024-05-20,wayback,baseline,Ace Hardware
2024-05-30,2024-05-20,wayback,baseline,Albertsons
2024-05-30,2024-05-20,wayback,baseline,APL Logistics
2024-05-30,2024-05-20,wayback,baseline,APM Terminals
2024-05-30,2024-05-20,wayback,baseline,Becton Dickinson
2024-05-30,2024-05-20,wayback,baseline,Best Buy
2024-05-30,2024-05-20,wayback,baseline,BJ’s Wholesale Club
2024-05-30,2024-05-20,wayback,baseline,BNSF
2024-05-30,2024-05-20,wayback,baseline,Bound Logistics
2024-05-30,2024-05-20,wayback,baseline,C&K
2024-05-30,2024-05-20,wayback,baseline,Century Supply Chain Solutions
2024-05-30,2024-05-20,wayback,baseline,CH Robinson
2024-05-30,2024-05-20,wayback,baseline,CMA CGM
2024-05-30,2024-05-20,wayback,baseline,Consolidated Chassis Management (CCM)
2024-05-30,2024-05-20,wayback,baseline,DHL
2024-05-30,2024-05-20,wayback,baseline,"Direct ChassisLink, Inc. (DCLI)"
2024-05-30,2024-05-20,wayback,baseline,Dollar General
2024-05-30,2024-05-20,wayback,baseline,Elion
2024-05-30,2024-05-20,wayback,baseline,Evergreen Shipping Agency
2024-05-30,2024-05-20,wayback,baseline,Everport Terminal Services
2024-05-30,2024-05-20,wayback,baseline,FedEx
2024-05-30,2024-05-20,wayback,baseline,Fenix Marine Services
2024-05-30,2024-05-20,wayback,baseline,FlexiVan
2024-05-30,2024-05-20,wayback,baseline,Funko
2024-05-30,2024-05-20,wayback,baseline,"Gap, Inc."
2024-05-30,2024-05-20,wayback,baseline,GE Appliances
2024-05-30,2024-05-20,wayback,baseline,Gemini Shippers
2024-05-30,2024-05-20,wayback,baseline,Georgia Ports Authority
2024-05-30,2024-05-20,wayback,baseline,Gulf Winds
2024-05-30,2024-05-20,wayback,baseline,Hapag-Lloyd
2024-05-30,2024-05-20,wayback,baseline,Home Depot
2024-05-30,2024-05-20,wayback,baseline,IKEA International
2024-05-30,2024-05-20,wayback,baseline,IMC Companies
2024-05-30,2024-05-20,wayback,baseline,International Transportation Service (ITS)
2024-05-30,2024-05-20,wayback,baseline,ITS Logistics
2024-05-30,2024-05-20,wayback,baseline,Kroger
2024-05-30,2024-05-20,wayback,baseline,Land O'Lakes
2024-05-30,2024-05-20,wayback,baseline,Long Beach Container Terminal (LBCT)
2024-05-30,2024-05-20,wayback,baseline,Lowe's
2024-05-30,2024-05-20,wayback,baseline,Maersk
2024-05-30,2024-05-20,wayback,baseline,Mediterranean Shipping Company (MSC)
2024-05-30,2024-05-20,wayback,baseline,NFI Industries
2024-05-30,2024-05-20,wayback,baseline,Nike
2024-05-30,2024-05-20,wayback,baseline,Ocean Network Express (ONE)
2024-05-30,2024-05-20,wayback,baseline,OOCL Logistics
2024-05-30,2024-05-20,wayback,baseline,Peloton
2024-05-30,2024-05-20,wayback,baseline,PetSmart
2024-05-30,2024-05-20,wayback,baseline,Port Houston
2024-05-30,2024-05-20,wayback,baseline,Port Liberty
2024-05-30,2024-05-20,wayback,baseline,Port Newark Container Terminal (PNCT)
2024-05-30,2024-05-20,wayback,baseline,Port of Long Beach
2024-05-30,2024-05-20,wayback,baseline,Port of Los Angeles
2024-05-30,2024-05-20,wayback,baseline,Prologis
2024-05-30,2024-05-20,wayback,baseline,Ralph Lauren
2024-05-30,2024-05-20,wayback,baseline,RoadEx America Inc.
2024-05-30,2024-05-20,wayback,baseline,RoadOne
2024-05-30,2024-05-20,wayback,baseline,Samsung
2024-05-30,2024-05-20,wayback,baseline,Shippabo
2024-05-30,2024-05-20,wayback,baseline,Sony
2024-05-30,2024-05-20,wayback,baseline,SSA Marine (SSA)
2024-05-30,2024-05-20,wayback,baseline,STG Logistics
2024-05-30,2024-05-20,wayback,baseline,Target
2024-05-30,2024-05-20,wayback,baseline,Total Terminals International (TTI)
2024-05-30,2024-05-20,wayback,baseline,TRAC Intermodal
2024-05-30,2024-05-20,wayback,baseline,Tractor Supply Co.
2024-05-30,2024-05-20,wayback,baseline,TraPac
2024-05-30,2024-05-20,wayback,baseline,TrueValue
2024-05-30,2024-05-20,wayback,baseline,UCanTrade
2024-05-30,2024-05-20,wayback,baseline,Union Pacific
2024-05-30,2024-05-20,wayback,baseline,UPS
2024-05-30,2024-05-20,wayback,baseline,Walmart
2024-05-30,2024-05-20,wayback,baseline,Wan Hai
2024-05-30,2024-05-20,wayback,baseline,Werner
2024-05-30,2024-05-20,wayback,baseline,West Basin Container Terminal (WBCT)
2024-05-30,2024-05-20,wayback,baseline,Yusen Terminals (YTI)
2026-10-04,2026-09-21,live,added,Adidas
2026-10-04,2026-09-21,live,added,Amazon Logistics
2026-10-04,2026-09-21,live,added,Article Furniture
2026-10-04,2026-09-21,live,added,AVI-SPL
2026-10-04,2026-09-21,live,added,Boeing
2026-10-04,2026-09-21,live,added,Clarke Associates
2026-10-04,2026-09-21,live,added,CNH Industrial
2026-10-04,2026-09-21,live,added,HMM
2026-10-04,2026-09-21,live,added,Humanscale
2026-10-04,2026-09-21,live,added,Husky Terminal
2026-10-04,2026-09-21,live,added,John Deere
2026-10-04,2026-09-21,live,added,Norfolk Southern
2026-10-04,2026-09-21,live,added,North West Seaport Alliance
2026-10-04,2026-09-21,live,added,Port of Cleveland
2026-10-04,2026-09-21,live,added,Port of Oakland
2026-10-04,2026-09-21,live,added,The Pasha Group
2026-10-04,2026-09-21,live,added,"Triple G Express, Inc."
2026-10-04,2026-09-21,live,added,ULTA
2026-10-04,2026-09-21,live,added,Yang Ming
2026-10-04,2026-09-21,live,added,ZIM
2026-10-04,2026-09-21,live,removed,Ralph Lauren
2026-10-04,2026-09-21,live,removed,Union Pacific
